FOs,Loss_train,Loss_test,Optimal_loss_train
100,38.35427837986163,47.63632720029625,0.94887639802629
200,31.260688689712588,38.399546926130164,0.94887639802629
300,25.514584781644885,30.956867963396803,0.94887639802629
400,20.859951319714227,24.963563324186623,0.94887639802629
500,17.089415708181573,20.140781620532987,0.94887639802629
600,14.035005975434146,16.26299378771009,0.94887639802629
700,11.560664659836364,13.147828528113896,0.94887639802629
800,9.556185057147617,10.64784226937141,0.94887639802629
900,7.93229958081263,8.64385576332658,0.94887639802629
1000,6.61670133368191,7.03955937903142,0.94887639802629
1100,5.550821580993895,5.75714578037882,0.94887639802629
1200,4.687219503382178,4.733774552735365,0.94887639802629
1300,3.987467896706119,3.918710498242778,0.94887639802629
1400,3.420440588811368,3.2710074130832396,0.94887639802629
1500,2.960925247006521,2.757633533876362,0.94887639802629
1600,2.5884997520226314,2.3519545814349523,0.94887639802629
1700,2.2866220608265495,2.032506318758899,0.94887639802629
1800,2.041892995408528,1.78200148950291,0.94887639802629
1900,1.8434591016115318,1.5865264908203385,0.94887639802629
2000,1.6825289646968147,1.4348916283094582,0.94887639802629
2100,1.551981424868314,1.3181056797144657,0.94887639802629
2200,1.4460482317660186,1.2289510649951607,0.94887639802629
2300,1.3600569945264922,1.1616404319833102,0.94887639802629
2400,1.290222971255013,1.1115391204524152,0.94887639802629
2500,1.2334804184232664,1.0749409261365732,0.94887639802629
2600,1.1873459838088316,1.0488869821431548,0.94887639802629
2700,1.1498080547055503,1.0310195153075115,0.94887639802629
2800,1.1192371299052781,1.0194638059953642,0.94887639802629
2900,1.0943132209363713,1.0127329518584638,0.94887639802629
3000,1.0739670470019929,1.0096510659396682,0.94887639802629
3100,1.0573324028170707,1.009291373347023,0.94887639802629
3200,1.0437075764949229,1.0109263457631497,0.94887639802629
3300,1.0325240979758177,1.013987559527786,0.94887639802629
3400,1.0233214251961547,1.0180334053876197,0.94887639802629
3500,1.0157264398291521,1.0227231360582931,0.94887639802629
3600,1.0094368387800217,1.0277960275316465,0.94887639802629
3700,1.0042076812437943,1.0330546645794747,0.94887639802629
3800,0.9998404917703647,1.038351550675056,0.94887639802629
3900,0.9961744336968082,1.0435783960959433,0.94887639802629
4000,0.9930791595785968,1.0486575621861833,0.94887639802629
4100,0.9904490199912521,1.0535352402302025,0.94887639802629
4200,0.988198372613381,1.0581760246487397,0.94887639802629
4300,0.986257782538898,1.062558605932396,0.94887639802629
4400,0.9845709444861305,1.0666723618470055,0.94887639802629
4500,0.9830921897446012,1.0705146683783469,0.94887639802629
4600,0.981784466760499,1.0740887865761857,0.94887639802629
4700,0.980617705370625,1.0774022094829663,0.94887639802629
4800,0.9795674917926993,1.0804653759649145,0.94887639802629
4900,0.9786139953294091,1.083290676534157,0.94887639802629
5000,0.9777410989616083,1.0858916909943108,0.94887639802629
5100,0.9769356950927608,1.0882826096345752,0.94887639802629
5200,0.9761871150668614,1.0904777992850792,0.94887639802629
5300,0.9754866670438406,1.0924914832716557,0.94887639802629
5400,0.9748272616454541,1.0943375105289774,0.94887639802629
5500,0.9742031086961657,1.096029194136673,0.94887639802629
5600,0.9736094715518613,1.0975792035677585,0.94887639802629
5700,0.9730424680755516,1.0989994981716678,0.94887639802629
5800,0.9724989093979649,1.1003012920086312,0.94887639802629
5900,0.9719761692847095,1.1014950422315828,0.94887639802629
6000,0.9714720782955382,1.1025904548764112,0.94887639802629
6100,0.970984838025976,1.103596503251777,0.94887639802629
6200,0.9705129516164033,1.1045214551812812,0.94887639802629
6300,0.9700551674384963,1.1053729061960789,0.94887639802629
6400,0.9696104334560212,1.1061578164476313,0.94887639802629
6500,0.9691778602325458,1.1068825496424437,0.94887639802629
6600,0.9687566909437965,1.107552912721031,0.94887639802629
6700,0.9683462770644362,1.108174195334269,0.94887639802629
6800,0.9679460586517408,1.108751208429618,0.94887639802629
6900,0.9675555483533621,1.1092883214619802,0.94887639802629
7000,0.9671743184322082,1.1097894979007277,0.94887639802629
7100,0.9668019902357432,1.1102583288250507,0.94887639802629
7200,0.9664382256458356,1.1106980644917668,0.94887639802629
7300,0.9660827201333909,1.1111116438290445,0.94887639802629
7400,0.9657351971133785,1.1115017218610146,0.94887639802629
7500,0.9653954033537039,1.1118706951056947,0.94887639802629
7600,0.9650631052381791,1.112220725015318,0.94887639802629
7700,0.9647380857218074,1.112553759546187,0.94887639802629
7800,0.9644201418473068,1.112871552956858,0.94887639802629
7900,0.9641090827166972,1.1131756839400135,0.94887639802629
8000,0.9638047278319353,1.1134675721962484,0.94887639802629
8100,0.9635069057349077,1.1137484935580753,0.94887639802629
8200,0.9632154528903284,1.114019593770423,0.94887639802629
8300,0.9629302127657963,1.1142819010304987,0.94887639802629
8400,0.9626510350719488,1.1145363373853778,0.94887639802629
8500,0.9623777751326864,1.1147837290806748,0.94887639802629
8600,0.9621102933611215,1.1150248159480811,0.94887639802629
8700,0.9618484548215406,1.1152602599140138,0.94887639802629
8800,0.9615921288613843,1.1154906527058819,0.94887639802629
8900,0.961341188800295,1.115716522826943,0.94887639802629
9000,0.9610955116657209,1.115938341865312,0.94887639802629
9100,0.9608549779665643,1.1161565301975351,0.94887639802629
9200,0.960619471497956,1.1163714621421894,0.94887639802629
9300,0.960388879171563,1.1165834706143682,0.94887639802629
9400,0.960163090866867,1.1167928513276084,0.94887639802629
9500,0.9599419992997347,1.1169998665856855,0.94887639802629
9600,0.9597254999052729,1.1172047487030823,0.94887639802629
9700,0.9595134907325327,1.117407703089365,0.94887639802629
9800,0.959305872349083,1.1176089110295724,0.94887639802629
9900,0.9591025477538399,1.1178085321897684,0.94887639802629
10000,0.9589034222968411,1.118006706874228,0.94887639802629
10100,0.9587084036048921,1.1182035580582632,0.94887639802629
10200,0.9585174015122118,1.1183991932184412,0.94887639802629
10300,0.958330327995361,1.118593705979901,0.94887639802629
10400,0.9581470971118757,1.1187871775986251,0.94887639802629
10500,0.9579676249421146,1.118979678294794,0.94887639802629
10600,0.9577918295339362,1.119171268451822,0.94887639802629
10700,0.9576196308498717,1.119361999694272,0.94887639802629
10800,0.9574509507165329,1.119551915856591,0.94887639802629
10900,0.9572857127760198,1.1197410538534063,0.94887639802629
11000,0.9571238424391555,1.1199294444611416,0.94887639802629
11100,0.9569652668403777,1.1201171130197058,0.94887639802629
11200,0.956809914794168,1.1203040800622115,0.94887639802629
11300,0.9566577167528947,1.120490361879848,0.94887639802629
11400,0.9565086047659883,1.1206759710283796,0.94887639802629
11500,0.9563625124403543,1.1208609167820733,0.94887639802629
11600,0.9562193749019602,1.1210452055403282,0.94887639802629
11700,0.9560791287585326,1.1212288411916993,0.94887639802629
11800,0.9559417120633142,1.121411825439634,0.94887639802629
11900,0.9558070642798256,1.1215941580937137,0.94887639802629
12000,0.9556751262475908,1.1217758373299116,0.94887639802629
12100,0.9555458401487958,1.1219568599229484,0.94887639802629
12200,0.9554191494758328,1.1221372214536005,0.94887639802629
12300,0.955294998999704,1.1223169164934614,0.94887639802629
12400,0.9551733347392607,1.1224959387694544,0.94887639802629
12500,0.9550541039312321,1.1226742813101651,0.94887639802629
12600,0.9549372550010449,1.1228519365758163,0.94887639802629
12700,0.954822737534383,1.1230288965735835,0.94887639802629
12800,0.9547105022494791,1.1232051529597376,0.94887639802629
12900,0.9546005009701176,1.123380697129955,0.94887639802629
13000,0.9544926865993196,1.1235555202990497,0.94887639802629
13100,0.9543870130936958,1.1237296135711745,0.94887639802629
13200,0.9542834354384462,1.123902968001524,0.94887639802629
13300,0.9541819096229954,1.1240755746503832,0.94887639802629
13400,0.9540823926172329,1.1242474246303504,0.94887639802629
13500,0.9539848423483528,1.1244185091474455,0.94887639802629
13600,0.9538892176782755,1.124588819536742,0.94887639802629
13700,0.9537954783816293,1.1247583472930969,0.94887639802629
13800,0.9537035851242815,1.1249270840975327,0.94887639802629
13900,0.9536134994424097,1.1250950218397011,0.94887639802629
14000,0.9535251837220833,1.1252621526368733,0.94887639802629
14100,0.9534386011793603,1.1254284688498408,0.94887639802629
14200,0.9533537158408711,1.1255939630960345,0.94887639802629
14300,0.9532704925248882,1.1257586282602188,0.94887639802629
14400,0.9531888968228577,1.1259224575029914,0.94887639802629
14500,0.9531088950813892,1.1260854442673454,0.94887639802629
14600,0.9530304543846904,1.12624758228354,0.94887639802629
14700,0.9529535425374303,1.1264088655724462,0.94887639802629
14800,0.9528781280480264,1.1265692884475658,0.94887639802629
14900,0.9528041801123396,1.1267288455158637,0.94887639802629
15000,0.9527316685977693,1.1268875316775953,0.94887639802629
15100,0.9526605640277392,1.1270453421252002,0.94887639802629
15200,0.9525908375665576,1.1272022723414319,0.94887639802629
15300,0.9525224610046518,1.1273583180967945,0.94887639802629
15400,0.9524554067441596,1.1275134754463785,0.94887639802629
15500,0.9523896477848717,1.127667740726201,0.94887639802629
15600,0.9523251577105156,1.1278211105490958,0.94887639802629
15700,0.9522619106753742,1.1279735818002359,0.94887639802629
15800,0.9521998813912256,1.1281251516323427,0.94887639802629
15900,0.952139045114599,1.1282758174606302,0.94887639802629
16000,0.952079377634345,1.1284255769575409,0.94887639802629
16100,0.9520208552594964,1.128574428047294,0.94887639802629
16200,0.9519634548074265,1.1287223689003072,0.94887639802629
16300,0.9519071535922953,1.1288693979275142,0.94887639802629
16400,0.9518519294137675,1.129015513774592,0.94887639802629
16500,0.9517977605460064,1.1291607153161514,0.94887639802629
16600,0.9517446257269272,1.1293050016498907,0.94887639802629
16700,0.9516925041477131,1.1294483720907416,0.94887639802629
16800,0.951641375442577,1.1295908261650165,0.94887639802629
16900,0.9515912196787704,1.1297323636045975,0.94887639802629
17000,0.9515420173468305,1.1298729843411386,0.94887639802629
17100,0.9514937493510593,1.1300126885003288,0.94887639802629
17200,0.9514463970002303,1.1301514763962135,0.94887639802629
17300,0.9513999419985116,1.1302893485255754,0.94887639802629
17400,0.951354366436612,1.1304263055623895,0.94887639802629
17500,0.9513096527831294,1.130562348352366,0.94887639802629
17600,0.9512657838761105,1.1306974779075716,0.94887639802629
17700,0.9512227429148027,1.1308316954011357,0.94887639802629
17800,0.951180513451608,1.1309650021620632,0.94887639802629
17900,0.9511390793842237,1.1310973996701315,0.94887639802629
18000,0.9510984249479648,1.1312288895508837,0.94887639802629
18100,0.9510585347082716,1.1313594735707408,0.94887639802629
18200,0.9510193935533934,1.1314891536321885,0.94887639802629
18300,0.9509809866872392,1.1316179317690938,0.94887639802629
18400,0.950943299622399,1.1317458101420927,0.94887639802629
18500,0.95090631817333,1.1318727910341164,0.94887639802629
18600,0.9508700284496981,1.131998876845986,0.94887639802629
18700,0.9508344168498766,1.1321240700921398,0.94887639802629
18800,0.9507994700545972,1.1322483733964381,0.94887639802629
18900,0.9507651750207475,1.132371789488082,0.94887639802629
19000,0.9507315189753126,1.1324943211976337,0.94887639802629
19100,0.9506984894094574,1.1326159714531199,0.94887639802629
19200,0.9506660740727492,1.132736743276256,0.94887639802629
19300,0.9506342609675056,1.1328566397787476,0.94887639802629
19400,0.9506030383432851,1.132975664158697,0.94887639802629
19500,0.9505723946914927,1.1330938196970997,0.94887639802629
19600,0.9505423187401195,1.1332111097544249,0.94887639802629
19700,0.9505127994485981,1.133327537767305,0.94887639802629
19800,0.9504838260027775,1.133443107245303,0.94887639802629
19900,0.9504553878100134,1.133557821767753,0.94887639802629
20000,0.9504274744943725,1.1336716849807171,0.94887639802629
20100,0.9504000758919438,1.1337847005939918,0.94887639802629
20200,0.9503731820462608,1.1338968723782237,0.94887639802629
20300,0.9503467832038239,1.134008204162089,0.94887639802629
20400,0.9503208698097293,1.134118699829556,0.94887639802629
20500,0.9502954325033971,1.1342283633172283,0.94887639802629
20600,0.9502704621143897,1.1343371986117503,0.94887639802629
20700,0.9502459496583348,1.1344452097473037,0.94887639802629
20800,0.9502218863329369,1.134552400803159,0.94887639802629
20900,0.9501982635140771,1.1346587759013065,0.94887639802629
21000,0.950175072752005,1.1347643392041564,0.94887639802629
21100,0.950152305767613,1.134869094912293,0.94887639802629
21200,0.9501299544487978,1.134973047262313,0.94887639802629
21300,0.950108010846903,1.135076200524707,0.94887639802629
21400,0.95008646717324,1.1351785590018189,0.94887639802629
21500,0.9500653157956921,1.1352801270258597,0.94887639802629
21600,0.9500445492353865,1.135380908956974,0.94887639802629
21700,0.9500241601634509,1.1354809091813758,0.94887639802629
21800,0.9500041413978343,1.1355801321095313,0.94887639802629
21900,0.9499844859002045,1.1356785821743975,0.94887639802629
22000,0.9499651867729126,1.1357762638297169,0.94887639802629
22100,0.9499462372560253,1.1358731815483638,0.94887639802629
22200,0.9499276307244225,1.1359693398207373,0.94887639802629
22300,0.9499093606849638,1.1360647431532038,0.94887639802629
22400,0.9498914207737116,1.136159396066597,0.94887639802629
22500,0.9498738047532206,1.136253303094746,0.94887639802629
22600,0.9498565065098862,1.136346468783072,0.94887639802629
22700,0.9498395200513507,1.1364388976872046,0.94887639802629
22800,0.9498228395039682,1.136530594371663,0.94887639802629
22900,0.9498064591103236,1.1366215634085657,0.94887639802629
23000,0.9497903732268097,1.1367118093763853,0.94887639802629
23100,0.9497745763212552,1.1368013368587453,0.94887639802629
23200,0.9497590629706019,1.1368901504432494,0.94887639802629
23300,0.9497438278586415,1.1369782547203542,0.94887639802629
23400,0.9497288657737937,1.1370656542822783,0.94887639802629
23500,0.9497141716069365,1.1371523537219437,0.94887639802629
23600,0.9496997403492867,1.137238357631955,0.94887639802629
23700,0.9496855670903187,1.1373236706036136,0.94887639802629
23800,0.9496716470157395,1.1374082972259572,0.94887639802629
23900,0.9496579754054977,1.1374922420848403,0.94887639802629
24000,0.9496445476318444,1.137575509762045,0.94887639802629
24100,0.9496313591574289,1.1376581048344132,0.94887639802629
24200,0.9496184055334416,1.1377400318730224,0.94887639802629
24300,0.9496056823977943,1.137821295442376,0.94887639802629
24400,0.9495931854733413,1.1379019000996335,0.94887639802629
24500,0.9495809105661353,1.1379818503938586,0.94887639802629
24600,0.9495688535637286,1.1380611508653031,0.94887639802629
24700,0.9495570104335022,1.1381398060447014,0.94887639802629
24800,0.949545377221038,1.1382178204526168,0.94887639802629
24900,0.9495339500485231,1.138295198598775,0.94887639802629
25000,0.9495227251131857,1.138371944981458,0.94887639802629
25100,0.94951169868577,1.1384480640868992,0.94887639802629
25200,0.9495008671090431,1.1385235603887034,0.94887639802629
25300,0.9494902267963267,1.138598438347294,0.94887639802629
25400,0.9494797742300716,1.1386727024093826,0.94887639802629
25500,0.9494695059604529,1.1387463570074496,0.94887639802629
25600,0.9494594186040013,1.1388194065592563,0.94887639802629
25700,0.9494495088422598,1.1388918554673673,0.94887639802629
25800,0.9494397734204715,1.1389637081186967,0.94887639802629
25900,0.949430209146295,1.1390349688840737,0.94887639802629
26000,0.9494208128885466,1.1391056421178214,0.94887639802629
26100,0.9494115815759671,1.139175732157357,0.94887639802629
26200,0.9494025121960198,1.1392452433228086,0.94887639802629
26300,0.9493936017937095,1.139314179916645,0.94887639802629
26400,0.9493848474704285,1.1393825462233245,0.94887639802629
26500,0.9493762463828261,1.1394503465089614,0.94887639802629
26600,0.949367795741704,1.1395175850210033,0.94887639802629
26700,0.9493594928109296,1.139584265987917,0.94887639802629
26800,0.9493513349063807,1.1396503936189122,0.94887639802629
26900,0.949343319394905,1.1397159721036507,0.94887639802629
27000,0.9493354436933046,1.1397810056119815,0.94887639802629
27100,0.9493277052673409,1.1398454982936945,0.94887639802629
27200,0.9493201016307631,1.1399094542782795,0.94887639802629
27300,0.9493126303443509,1.1399728776746965,0.94887639802629
27400,0.9493052890149852,1.14003577257116,0.94887639802629
27500,0.9492980752947306,1.1400981430349402,0.94887639802629
27600,0.9492909868799438,1.1401599931121666,0.94887639802629
27700,0.9492840215103945,1.1402213268276509,0.94887639802629
27800,0.949277176968409,1.140282148184711,0.94887639802629
27900,0.9492704510780291,1.1403424611650093,0.94887639802629
28000,0.9492638417041921,1.140402269728412,0.94887639802629
28100,0.9492573467519207,1.14046157781284,0.94887639802629
28200,0.9492509641655366,1.1405203893341367,0.94887639802629
28300,0.9492446919278893,1.1405787081859513,0.94887639802629
28400,0.9492385280595971,1.1406365382396224,0.94887639802629
28500,0.9492324706183065,1.1406938833440694,0.94887639802629
28600,0.9492265176979676,1.140750747325708,0.94887639802629
28700,0.9492206674281215,1.140807133988343,0.94887639802629
28800,0.9492149179732065,1.140863047113107,0.94887639802629
28900,0.9492092675318744,1.1409184904583713,0.94887639802629
29000,0.9492037143363246,1.1409734677596934,0.94887639802629
29100,0.9491982566516453,1.1410279827297447,0.94887639802629
29200,0.9491928927751812,1.1410820390582734,0.94887639802629
29300,0.949187621035896,1.1411356404120478,0.94887639802629
29400,0.9491824397937666,1.1411887904348241,0.94887639802629
29500,0.949177347439173,1.1412414927473078,0.94887639802629
29600,0.9491723423923158,1.141293750947137,0.94887639802629
29700,0.9491674231026317,1.1413455686088536,0.94887639802629
29800,0.9491625880482321,1.1413969492838905,0.94887639802629
29900,0.9491578357353457,1.1414478965005654,0.94887639802629
30000,0.9491531646977768,1.141498413764071,0.94887639802629
30100,0.9491485734963717,1.141548504556487,0.94887639802629
30200,0.9491440607184978,1.1415981723367727,0.94887639802629
30300,0.949139624977532,1.141647420540784,0.94887639802629
30400,0.9491352649123612,1.1416962525812946,0.94887639802629
30500,0.9491309791868915,1.1417446718480104,0.94887639802629
30600,0.9491267664895653,1.14179268170759,0.94887639802629
30700,0.9491226255328935,1.141840285503682,0.94887639802629
30800,0.9491185550529926,1.1418874865569542,0.94887639802629
30900,0.9491145538091311,1.1419342881651264,0.94887639802629
31000,0.9491106205832901,1.1419806936030188,0.94887639802629
31100,0.9491067541797247,1.1420267061225846,0.94887639802629
31200,0.9491029534245411,1.1420723289529742,0.94887639802629
31300,0.94909921716528,1.1421175653005688,0.94887639802629
31400,0.9490955442705055,1.142162418349044,0.94887639802629
31500,0.9490919336294078,1.14220689125943,0.94887639802629
31600,0.9490883841514071,1.142250987170161,0.94887639802629
31700,0.9490848947657726,1.1422947091971476,0.94887639802629
31800,0.9490814644212423,1.1423380604338422,0.94887639802629
31900,0.9490780920856566,1.1423810439513022,0.94887639802629
32000,0.9490747767455926,1.1424236627982698,0.94887639802629
32100,0.949071517406013,1.1424659200012384,0.94887639802629
32200,0.949068313089915,1.142507818564532,0.94887639802629
32300,0.9490651628379907,1.1425493614703832,0.94887639802629
32400,0.9490620657082931,1.142590551679018,0.94887639802629
32500,0.949059020775908,1.1426313921287314,0.94887639802629
32600,0.9490560271326319,1.142671885735978,0.94887639802629
32700,0.9490530838866601,1.142712035395458,0.94887639802629
32800,0.9490501901622741,1.1427518439802038,0.94887639802629
32900,0.9490473450995431,1.1427913143416721,0.94887639802629
33000,0.9490445478540229,1.1428304493098405,0.94887639802629
33100,0.9490417975964698,1.1428692516932912,0.94887639802629
33200,0.9490390935125523,1.142907724279315,0.94887639802629
33300,0.949036434802573,1.1429458698340087,0.94887639802629
33400,0.949033820681195,1.1429836911023659,0.94887639802629
33500,0.9490312503771706,1.1430211908083858,0.94887639802629
33600,0.9490287231330825,1.1430583716551663,0.94887639802629
33700,0.9490262382050821,1.1430952363250158,0.94887639802629
33800,0.9490237948626359,1.1431317874795437,0.94887639802629
33900,0.9490213923882819,1.143168027759778,0.94887639802629
34000,0.9490190300773794,1.1432039597862604,0.94887639802629
34100,0.9490167072378773,1.1432395861591613,0.94887639802629
34200,0.949014423190074,1.1432749094583823,0.94887639802629
34300,0.9490121772663926,1.1433099322436637,0.94887639802629
34400,0.9490099688111533,1.143344657054699,0.94887639802629
34500,0.9490077971803533,1.1433790864112408,0.94887639802629
34600,0.949005661741451,1.1434132228132095,0.94887639802629
34700,0.9490035618731532,1.143447068740812,0.94887639802629
34800,0.9490014969652065,1.143480626654646,0.94887639802629
34900,0.9489994664181958,1.1435138989958147,0.94887639802629
35000,0.9489974696433413,1.1435468881860453,0.94887639802629
35100,0.9489955060623023,1.1435795966277946,0.94887639802629
35200,0.9489935751069882,1.143612026704368,0.94887639802629
35300,0.9489916762193649,1.1436441807800337,0.94887639802629
35400,0.9489898088512732,1.1436760612001349,0.94887639802629
35500,0.9489879724642466,1.1437076702912068,0.94887639802629
35600,0.9489861665293315,1.1437390103610938,0.94887639802629
35700,0.9489843905269137,1.1437700836990607,0.94887639802629
35800,0.9489826439465483,1.143800892575916,0.94887639802629
35900,0.9489809262867894,1.1438314392441207,0.94887639802629
36000,0.9489792370550263,1.1438617259379071,0.94887639802629
36100,0.9489775757673222,1.143891754873397,0.94887639802629
36200,0.9489759419482546,1.1439215282487178,0.94887639802629
36300,0.9489743351307602,1.1439510482441182,0.94887639802629
36400,0.9489727548559841,1.1439803170220852,0.94887639802629
36500,0.9489712006731252,1.1440093367274644,0.94887639802629
36600,0.948969672139296,1.14403810948757,0.94887639802629
36700,0.9489681688193721,1.1440666374123034,0.94887639802629
36800,0.9489666902858552,1.1440949225942814,0.94887639802629
36900,0.9489652361187327,1.1441229671089326,0.94887639802629
37000,0.948963805905343,1.1441507730146314,0.94887639802629
37100,0.9489623992402388,1.1441783423528042,0.94887639802629
37200,0.9489610157250606,1.1442056771480547,0.94887639802629
37300,0.9489596549684053,1.1442327794082685,0.94887639802629
37400,0.9489583165857006,1.144259651124739,0.94887639802629
37500,0.9489570001990818,1.1442862942722796,0.94887639802629
37600,0.9489557054372706,1.1443127108093372,0.94887639802629
37700,0.948954431935456,1.1443389026781128,0.94887639802629
37800,0.9489531793351769,1.144364871804672,0.94887639802629
37900,0.9489519472842083,1.1443906200990586,0.94887639802629
38000,0.9489507354364483,1.144416149455417,0.94887639802629
38100,0.9489495434518083,1.1444414617520988,0.94887639802629
38200,0.9489483709961042,1.1444665588517786,0.94887639802629
38300,0.9489472177409496,1.1444914426015662,0.94887639802629
38400,0.9489460833636545,1.1445161148331295,0.94887639802629
38500,0.9489449675471181,1.1445405773627904,0.94887639802629
38600,0.9489438699797335,1.1445648319916542,0.94887639802629
38700,0.9489427903552857,1.1445888805057085,0.94887639802629
38800,0.9489417283728558,1.1446127246759479,0.94887639802629
38900,0.9489406837367274,1.1446363662584695,0.94887639802629
39000,0.9489396561562916,1.1446598069945975,0.94887639802629
39100,0.9489386453459571,1.144683048610992,0.94887639802629
39200,0.9489376510250597,1.1447060928197474,0.94887639802629
39300,0.948936672917775,1.1447289413185158,0.94887639802629
39400,0.9489357107530313,1.1447515957906107,0.94887639802629
39500,0.9489347642644245,1.144774057905117,0.94887639802629
39600,0.9489338331901365,1.1447963293169927,0.94887639802629
39700,0.9489329172728529,1.1448184116671891,0.94887639802629
39800,0.9489320162596819,1.144840306582742,0.94887639802629
39900,0.9489311299020753,1.144862015676898,0.94887639802629
40000,0.9489302579557543,1.1448835405492022,0.94887639802629
40100,0.9489294001806304,1.144904882785614,0.94887639802629
40200,0.9489285563407321,1.1449260439586146,0.94887639802629
40300,0.9489277262041341,1.1449470256272993,0.94887639802629
40400,0.9489269095428813,1.144967829337495,0.94887639802629
40500,0.9489261061329217,1.1449884566218598,0.94887639802629
40600,0.9489253157540367,1.1450089089999829,0.94887639802629
40700,0.9489245381897721,1.1450291879784864,0.94887639802629
40800,0.9489237732273742,1.1450492950511375,0.94887639802629
40900,0.9489230206577207,1.1450692316989322,0.94887639802629
41000,0.948922280275261,1.1450889993902187,0.94887639802629
41100,0.9489215518779482,1.1451085995807766,0.94887639802629
41200,0.948920835267183,1.1451280337139278,0.94887639802629
41300,0.9489201302477475,1.1451473032206374,0.94887639802629
41400,0.948919436627749,1.1451664095196048,0.94887639802629
41500,0.9489187542185619,1.145185354017366,0.94887639802629
41600,0.9489180828347671,1.1452041381083922,0.94887639802629
41700,0.9489174222940998,1.1452227631751868,0.94887639802629
41800,0.9489167724173899,1.1452412305883766,0.94887639802629
41900,0.9489161330285109,1.1452595417068125,0.94887639802629
42000,0.948915503954326,1.1452776978776642,0.94887639802629
42100,0.9489148850246337,1.1452957004365152,0.94887639802629
42200,0.9489142760721194,1.1453135507074517,0.94887639802629
42300,0.9489136769323028,1.1453312500031647,0.94887639802629
42400,0.948913087443488,1.1453487996250338,0.94887639802629
42500,0.9489125074467178,1.1453662008632295,0.94887639802629
42600,0.9489119367857215,1.1453834549967912,0.94887639802629
42700,0.9489113753068723,1.1454005632937343,0.94887639802629
42800,0.9489108228591385,1.1454175270111249,0.94887639802629
42900,0.9489102792940382,1.1454343473951862,0.94887639802629
43000,0.9489097444655976,1.1454510256813701,0.94887639802629
43100,0.948909218230304,1.1454675630944608,0.94887639802629
43200,0.948908700447065,1.1454839608486558,0.94887639802629
43300,0.9489081909771657,1.14550022014765,0.94887639802629
43400,0.948907689684228,1.145516342184734,0.94887639802629
43500,0.9489071964341675,1.1455323281428678,0.94887639802629
43600,0.9489067110951603,1.1455481791947764,0.94887639802629
43700,0.9489062335375944,1.1455638965030284,0.94887639802629
43800,0.9489057636340391,1.1455794812201239,0.94887639802629
43900,0.9489053012592039,1.1455949344885774,0.94887639802629
44000,0.9489048462899015,1.1456102574409996,0.94887639802629
44100,0.9489043986050123,1.1456254512001869,0.94887639802629
44200,0.9489039580854473,1.1456405168791932,0.94887639802629
44300,0.9489035246141156,1.1456554555814182,0.94887639802629
44400,0.9489030980758875,1.1456702684006896,0.94887639802629
44500,0.9489026783575596,1.145684956421339,0.94887639802629
44600,0.9489022653478268,1.1456995207182854,0.94887639802629
44700,0.9489018589372429,1.1457139623571098,0.94887639802629
44800,0.9489014590181941,1.1457282823941428,0.94887639802629
44900,0.948901065484864,1.1457424818765303,0.94887639802629
45000,0.9489006782332047,1.1457565618423255,0.94887639802629
45100,0.9489002971609041,1.1457705233205497,0.94887639802629
45200,0.9488999221673589,1.1457843673312877,0.94887639802629
45300,0.9488995531536435,1.1457980948857422,0.94887639802629
45400,0.9488991900224818,1.1458117069863283,0.94887639802629
45500,0.9488988326782183,1.145825204626736,0.94887639802629
45600,0.9488984810267909,1.1458385887920095,0.94887639802629
45700,0.9488981349757023,1.1458518604586208,0.94887639802629
45800,0.948897794433997,1.1458650205945409,0.94887639802629
45900,0.9488974593122296,1.145878070159313,0.94887639802629
46000,0.9488971295224431,1.1458910101041255,0.94887639802629
46100,0.9488968049781409,1.145903841371881,0.94887639802629
46200,0.9488964855942638,1.1459165648972705,0.94887639802629
46300,0.9488961712871634,1.1459291816068395,0.94887639802629
46400,0.9488958619745808,1.1459416924190629,0.94887639802629
46500,0.9488955575756195,1.1459540982444092,0.94887639802629
46600,0.9488952580107255,1.1459663999854128,0.94887639802629
46700,0.9488949632016628,1.1459785985367403,0.94887639802629
46800,0.9488946730714892,1.1459906947852587,0.94887639802629
46900,0.9488943875445378,1.1460026896101019,0.94887639802629
47000,0.9488941065463936,1.1460145838827385,0.94887639802629
47100,0.9488938300038713,1.1460263784670341,0.94887639802629
47200,0.9488935578449965,1.1460380742193266,0.94887639802629
47300,0.9488932899989828,1.1460496719884783,0.94887639802629
47400,0.9488930263962143,1.1460611726159493,0.94887639802629
47500,0.9488927669682227,1.1460725769358555,0.94887639802629
47600,0.9488925116476694,1.1460838857750382,0.94887639802629
47700,0.948892260368328,1.1460950999531232,0.94887639802629
47800,0.9488920130650638,1.1461062202825842,0.94887639802629
47900,0.9488917696738125,1.1461172475688044,0.94887639802629
48000,0.9488915301315682,1.14612818261014,0.94887639802629
48100,0.9488912943763614,1.1461390261979745,0.94887639802629
48200,0.9488910623472413,1.1461497791167892,0.94887639802629
48300,0.9488908339842602,1.1461604421442153,0.94887639802629
48400,0.9488906092284562,1.146171016051095,0.94887639802629
48500,0.9488903880218368,1.1461815016015462,0.94887639802629
48600,0.9488901703073614,1.1461918995530085,0.94887639802629
48700,0.9488899560289257,1.1462022106563172,0.94887639802629
48800,0.9488897451313479,1.1462124356557475,0.94887639802629
48900,0.9488895375603488,1.1462225752890771,0.94887639802629
49000,0.9488893332625427,1.1462326302876473,0.94887639802629
49100,0.9488891321854156,1.146242601376408,0.94887639802629
49200,0.9488889342773159,1.1462524892739818,0.94887639802629
49300,0.9488887394874379,1.14626229469272,0.94887639802629
49400,0.9488885477658069,1.1462720183387516,0.94887639802629
49500,0.9488883590632656,1.1462816609120394,0.94887639802629
49600,0.948888173331462,1.1462912231064388,0.94887639802629
49700,0.9488879905228341,1.1463007056097458,0.94887639802629
49800,0.9488878105905972,1.1463101091037502,0.94887639802629
49900,0.9488876334887313,1.1463194342642915,0.94887639802629
50000,0.9488874591719658,1.1463286817613045,0.94887639802629
50100,0.948887287595773,1.1463378522588836,0.94887639802629
50200,0.9488871187163475,1.1463469464153169,0.94887639802629
50300,0.9488869524906012,1.1463559648831552,0.94887639802629
50400,0.9488867888761476,1.1463649083092446,0.94887639802629
50500,0.9488866278312904,1.146373777334788,0.94887639802629
50600,0.9488864693150127,1.1463825725953958,0.94887639802629
50700,0.9488863132869676,1.1463912947211232,0.94887639802629
50800,0.9488861597074612,1.1463999443365325,0.94887639802629
50900,0.9488860085374478,1.1464085220607327,0.94887639802629
51000,0.948885859738517,1.1464170285074302,0.94887639802629
51100,0.9488857132728816,1.1464254642849765,0.94887639802629
51200,0.9488855691033692,1.146433829996414,0.94887639802629
51300,0.9488854271934105,1.1464421262395237,0.94887639802629
51400,0.9488852875070312,1.1464503536068726,0.94887639802629
51500,0.9488851500088397,1.1464585126858564,0.94887639802629
51600,0.9488850146640203,1.1464666040587477,0.94887639802629
51700,0.9488848814383196,1.1464746283027396,0.94887639802629
51800,0.9488847502980415,1.146482585989991,0.94887639802629
51900,0.9488846212100356,1.146490477687671,0.94887639802629
52000,0.9488844941416875,1.146498303958004,0.94887639802629
52100,0.9488843690609127,1.146506065358308,0.94887639802629
52200,0.9488842459361448,1.1465137624410444,0.94887639802629
52300,0.9488841247363287,1.1465213957538598,0.94887639802629
52400,0.9488840054309111,1.146528965839624,0.94887639802629
52500,0.948883887989834,1.1465364732364753,0.94887639802629
52600,0.9488837723835242,1.1465439184778612,0.94887639802629
52700,0.948883658582886,1.1465513020925837,0.94887639802629
52800,0.9488835465592947,1.1465586246048312,0.94887639802629
52900,0.9488834362845872,1.146565886534229,0.94887639802629
53000,0.9488833277310555,1.1465730883958758,0.94887639802629
53100,0.948883220871438,1.1465802307003787,0.94887639802629
53200,0.9488831156789123,1.146587313953904,0.94887639802629
53300,0.9488830121270897,1.1465943386582012,0.94887639802629
53400,0.948882910190006,1.1466013053106612,0.94887639802629
53500,0.9488828098421161,1.1466082144043348,0.94887639802629
53600,0.9488827110582855,1.1466150664279817,0.94887639802629
53700,0.9488826138137841,1.1466218618661146,0.94887639802629
53800,0.9488825180842807,1.1466286011990199,0.94887639802629
53900,0.9488824238458347,1.1466352849028094,0.94887639802629
54000,0.9488823310748917,1.1466419134494508,0.94887639802629
54100,0.948882239748275,1.1466484873068037,0.94887639802629
54200,0.9488821498431796,1.1466550069386607,0.94887639802629
54300,0.9488820613371692,1.146661472804777,0.94887639802629
54400,0.948881974208165,1.1466678853609162,0.94887639802629
54500,0.9488818884344452,1.1466742450588672,0.94887639802629
54600,0.948881803994635,1.146680552346504,0.94887639802629
54700,0.9488817208677028,1.146686807667797,0.94887639802629
54800,0.948881639032955,1.146693011462863,0.94887639802629
54900,0.9488815584700291,1.1466991641679924,0.94887639802629
55000,0.9488814791588892,1.1467052662156858,0.94887639802629
55100,0.9488814010798202,1.1467113180346835,0.94887639802629
55200,0.9488813242134222,1.1467173200500047,0.94887639802629
55300,0.9488812485406077,1.1467232726829757,0.94887639802629
55400,0.9488811740425928,1.146729176351262,0.94887639802629
55500,0.9488811007008953,1.1467350314689089,0.94887639802629
55600,0.9488810284973274,1.1467408384463618,0.94887639802629
55700,0.9488809574139938,1.1467465976905067,0.94887639802629
55800,0.9488808874332838,1.146752309604694,0.94887639802629
55900,0.9488808185378688,1.1467579745887808,0.94887639802629
56000,0.9488807507106968,1.1467635930391498,0.94887639802629
56100,0.948880683934988,1.1467691653487502,0.94887639802629
56200,0.94888061819423,1.1467746919071196,0.94887639802629
56300,0.9488805534721755,1.146780173100422,0.94887639802629
56400,0.9488804897528353,1.1467856093114654,0.94887639802629
56500,0.9488804270204745,1.1467910009197526,0.94887639802629
56600,0.9488803652596102,1.146796348301486,0.94887639802629
56700,0.9488803044550057,1.1468016518296136,0.94887639802629
56800,0.9488802445916675,1.1468069118738518,0.94887639802629
56900,0.9488801856548403,1.1468121288007138,0.94887639802629
57000,0.9488801276300043,1.1468173029735393,0.94887639802629
57100,0.94888007050287,1.1468224347525238,0.94887639802629
57200,0.9488800142593766,1.1468275244947412,0.94887639802629
57300,0.9488799588856861,1.1468325725541773,0.94887639802629
57400,0.9488799043681797,1.1468375792817564,0.94887639802629
57500,0.9488798506934576,1.1468425450253603,0.94887639802629
57600,0.9488797978483305,1.146847470129866,0.94887639802629
57700,0.9488797458198199,1.1468523549371705,0.94887639802629
57800,0.9488796945951531,1.1468571997862091,0.94887639802629
57900,0.9488796441617601,1.1468620050129872,0.94887639802629
58000,0.9488795945072703,1.146866770950609,0.94887639802629
58100,0.9488795456195109,1.1468714979293,0.94887639802629
58200,0.9488794974864999,1.1468761862764292,0.94887639802629
58300,0.9488794500964471,1.1468808363165417,0.94887639802629
58400,0.9488794034377477,1.1468854483713746,0.94887639802629
58500,0.9488793574989824,1.1468900227598908,0.94887639802629
58600,0.9488793122689121,1.1468945597982998,0.94887639802629
58700,0.9488792677364757,1.146899059800076,0.94887639802629
58800,0.9488792238907868,1.1469035230759974,0.94887639802629
58900,0.9488791807211322,1.1469079499341523,0.94887639802629
59000,0.9488791382169687,1.146912340679978,0.94887639802629
59100,0.9488790963679189,1.1469166956162753,0.94887639802629
59200,0.9488790551637691,1.1469210150432283,0.94887639802629
59300,0.9488790145944682,1.1469252992584413,0.94887639802629
59400,0.9488789746501243,1.146929548556949,0.94887639802629
59500,0.9488789353210001,1.1469337632312477,0.94887639802629
59600,0.9488788965975136,1.1469379435713098,0.94887639802629
59700,0.9488788584702336,1.1469420898646103,0.94887639802629
59800,0.948878820929879,1.146946202396151,0.94887639802629
59900,0.9488787839673126,1.1469502814484782,0.94887639802629
60000,0.9488787475735445,1.1469543273017047,0.94887639802629
60100,0.948878711739724,1.1469583402335348,0.94887639802629
60200,0.9488786764571424,1.1469623205192847,0.94887639802629
60300,0.9488786417172258,1.1469662684318978,0.94887639802629
60400,0.9488786075115374,1.146970184241973,0.94887639802629
60500,0.9488785738317727,1.1469740682177816,0.94887639802629
60600,0.9488785406697581,1.1469779206252895,0.94887639802629
60700,0.9488785080174484,1.1469817417281756,0.94887639802629
60800,0.9488784758669259,1.1469855317878517,0.94887639802629
60900,0.9488784442103971,1.1469892910634885,0.94887639802629
61000,0.9488784130401905,1.146993019812025,0.94887639802629
61100,0.9488783823487563,1.146996718288199,0.94887639802629
61200,0.9488783521286639,1.1470003867445564,0.94887639802629
61300,0.9488783223725981,1.1470040254314788,0.94887639802629
61400,0.9488782930733585,1.1470076345971951,0.94887639802629
61500,0.9488782642238605,1.1470112144878113,0.94887639802629
61600,0.9488782358171279,1.1470147653473175,0.94887639802629
61700,0.9488782078462958,1.1470182874176125,0.94887639802629
61800,0.9488781803046072,1.1470217809385204,0.94887639802629
61900,0.9488781531854094,1.147025246147811,0.94887639802629
62000,0.9488781264821557,1.147028683281215,0.94887639802629
62100,0.9488781001884025,1.1470320925724466,0.94887639802629
62200,0.9488780742978068,1.1470354742532132,0.94887639802629
62300,0.9488780488041235,1.1470388285532427,0.94887639802629
62400,0.9488780237012086,1.1470421557002908,0.94887639802629
62500,0.9488779989830115,1.1470454559201702,0.94887639802629
62600,0.9488779746435777,1.1470487294367562,0.94887639802629
62700,0.9488779506770473,1.1470519764720102,0.94887639802629
62800,0.9488779270776494,1.147055197245996,0.94887639802629
62900,0.9488779038397053,1.147058391976892,0.94887639802629
63000,0.9488778809576249,1.147061560881017,0.94887639802629
63100,0.948877858425906,1.1470647041728366,0.94887639802629
63200,0.9488778362391324,1.147067822064984,0.94887639802629
63300,0.9488778143919709,1.147070914768276,0.94887639802629
63400,0.9488777928791747,1.14707398249173,0.94887639802629
63500,0.9488777716955767,1.147077025442578,0.94887639802629
63600,0.9488777508360919,1.1470800438262805,0.94887639802629
63700,0.9488777302957145,1.1470830378465475,0.94887639802629
63800,0.9488777100695164,1.1470860077053502,0.94887639802629
63900,0.9488776901526467,1.1470889536029327,0.94887639802629
64000,0.9488776705403318,1.1470918757378372,0.94887639802629
64100,0.9488776512278696,1.1470947743069084,0.94887639802629
64200,0.948877632210634,1.1470976495053156,0.94887639802629
64300,0.9488776134840703,1.1471005015265632,0.94887639802629
64400,0.9488775950436948,1.147103330562506,0.94887639802629
64500,0.948877576885094,1.1471061368033666,0.94887639802629
64600,0.9488775590039227,1.1471089204377445,0.94887639802629
64700,0.9488775413959043,1.1471116816526385,0.94887639802629
64800,0.9488775240568279,1.1471144206334483,0.94887639802629
64900,0.9488775069825496,1.147117137564001,0.94887639802629
65000,0.9488774901689879,1.147119832626559,0.94887639802629
65100,0.9488774736121279,1.1471225060018342,0.94887639802629
65200,0.9488774573080146,1.1471251578689976,0.94887639802629
65300,0.9488774412527556,1.1471277884057032,0.94887639802629
65400,0.9488774254425195,1.1471303977880911,0.94887639802629
65500,0.9488774098735342,1.147132986190804,0.94887639802629
65600,0.9488773945420863,1.1471355537870025,0.94887639802629
65700,0.9488773794445199,1.147138100748378,0.94887639802629
65800,0.9488773645772366,1.1471406272451585,0.94887639802629
65900,0.9488773499366934,1.147143133446134,0.94887639802629
66000,0.9488773355194027,1.1471456195186547,0.94887639802629
66100,0.9488773213219313,1.1471480856286573,0.94887639802629
66200,0.9488773073408985,1.1471505319406656,0.94887639802629
66300,0.9488772935729773,1.1471529586178104,0.94887639802629
66400,0.9488772800148919,1.1471553658218379,0.94887639802629
66500,0.9488772666634177,1.1471577537131252,0.94887639802629
66600,0.9488772535153791,1.14716012245069,0.94887639802629
66700,0.9488772405676503,1.1471624721922014,0.94887639802629
66800,0.948877227817156,1.1471648030939934,0.94887639802629
66900,0.9488772152608651,1.1471671153110752,0.94887639802629
67000,0.9488772028957959,1.1471694089971451,0.94887639802629
67100,0.9488771907190129,1.1471716843045991,0.94887639802629
67200,0.9488771787276253,1.1471739413845468,0.94887639802629
67300,0.9488771669187878,1.1471761803868132,0.94887639802629
67400,0.9488771552896984,1.1471784014599629,0.94887639802629
67500,0.9488771438375995,1.1471806047512991,0.94887639802629
67600,0.9488771325597756,1.1471827904068836,0.94887639802629
67700,0.9488771214535541,1.1471849585715412,0.94887639802629
67800,0.9488771105163025,1.1471871093888717,0.94887639802629
67900,0.9488770997454291,1.1471892430012667,0.94887639802629
68000,0.9488770891383845,1.1471913595499108,0.94887639802629
68100,0.9488770786926571,1.1471934591747999,0.94887639802629
68200,0.9488770684057729,1.1471955420147442,0.94887639802629
68300,0.9488770582752994,1.1471976082073865,0.94887639802629
68400,0.9488770482988391,1.1471996578892045,0.94887639802629
68500,0.9488770384740332,1.1472016911955307,0.94887639802629
68600,0.9488770287985575,1.1472037082605497,0.94887639802629
68700,0.9488770192701259,1.1472057092173167,0.94887639802629
68800,0.9488770098864869,1.14720769419777,0.94887639802629
68900,0.9488770006454229,1.147209663332731,0.94887639802629
69000,0.9488769915447517,1.1472116167519202,0.94887639802629
69100,0.948876982582324,1.147213554583967,0.94887639802629
69200,0.9488769737560248,1.147215476956418,0.94887639802629
69300,0.9488769650637701,1.1472173839957434,0.94887639802629
69400,0.9488769565035104,1.1472192758273523,0.94887639802629
69500,0.9488769480732259,1.1472211525755944,0.94887639802629
69600,0.9488769397709277,1.1472230143637803,0.94887639802629
69700,0.9488769315946601,1.1472248613141791,0.94887639802629
69800,0.9488769235424951,1.1472266935480306,0.94887639802629
69900,0.9488769156125357,1.1472285111855578,0.94887639802629
70000,0.9488769078029133,1.1472303143459766,0.94887639802629
70100,0.9488769001117894,1.1472321031474935,0.94887639802629
70200,0.9488768925373523,1.1472338777073319,0.94887639802629
70300,0.9488768850778206,1.1472356381417217,0.94887639802629
70400,0.9488768777314374,1.147237384565924,0.94887639802629
70500,0.9488768704964738,1.14723911709423,0.94887639802629
70600,0.9488768633712295,1.1472408358399715,0.94887639802629
70700,0.9488768563540279,1.1472425409155291,0.94887639802629
70800,0.9488768494432205,1.147244232432346,0.94887639802629
70900,0.9488768426371819,1.1472459105009247,0.94887639802629
71000,0.948876835934313,1.1472475752308438,0.94887639802629
71100,0.948876829333039,1.1472492267307675,0.94887639802629
71200,0.94887682283181,1.1472508651084428,0.94887639802629
71300,0.9488768164290994,1.1472524904707189,0.94887639802629
71400,0.9488768101234035,1.1472541029235512,0.94887639802629
71500,0.9488768039132429,1.1472557025720034,0.94887639802629
71600,0.94887679779716,1.1472572895202657,0.94887639802629
71700,0.948876791773721,1.1472588638716528,0.94887639802629
71800,0.9488767858415121,1.147260425728617,0.94887639802629
71900,0.9488767799991428,1.1472619751927517,0.94887639802629
72000,0.9488767742452439,1.1472635123648043,0.94887639802629
72100,0.948876768578466,1.1472650373446776,0.94887639802629
72200,0.9488767629974819,1.1472665502314399,0.94887639802629
72300,0.9488767575009845,1.147268051123333,0.94887639802629
72400,0.948876752087686,1.147269540117777,0.94887639802629
72500,0.948876746756319,1.14727101731138,0.94887639802629
72600,0.9488767415056355,1.1472724827999428,0.94887639802629
72700,0.9488767363344063,1.1472739366784679,0.94887639802629
72800,0.9488767312414222,1.1472753790411618,0.94887639802629
72900,0.9488767262254906,1.1472768099814499,0.94887639802629
73000,0.94887672128544,1.1472782295919743,0.94887639802629
73100,0.948876716420113,1.1472796379646069,0.94887639802629
73200,0.9488767116283742,1.1472810351904568,0.94887639802629
73300,0.9488767069091029,1.147282421359866,0.94887639802629
73400,0.9488767022611961,1.1472837965624312,0.94887639802629
73500,0.948876697683568,1.147285160887,0.94887639802629
73600,0.9488766931751497,1.1472865144216824,0.94887639802629
73700,0.9488766887348877,1.1472878572538519,0.94887639802629
73800,0.9488766843617463,1.1472891894701542,0.94887639802629
73900,0.948876680054704,1.14729051115652,0.94887639802629
74000,0.9488766758127557,1.1472918223981572,0.94887639802629
74100,0.9488766716349122,1.1472931232795731,0.94887639802629
74200,0.948876667520198,1.1472944138845667,0.94887639802629
74300,0.9488766634676544,1.1472956942962425,0.94887639802629
74400,0.9488766594763364,1.147296964597016,0.94887639802629
74500,0.9488766555453121,1.1472982248686137,0.94887639802629
74600,0.9488766516736671,1.1472994751920886,0.94887639802629
74700,0.9488766478604981,1.1473007156478154,0.94887639802629
74800,0.9488766441049173,1.1473019463155083,0.94887639802629
74900,0.9488766404060496,1.1473031672742124,0.94887639802629
75000,0.9488766367630334,1.1473043786023223,0.94887639802629
75100,0.9488766331750205,1.1473055803775816,0.94887639802629
75200,0.9488766296411765,1.1473067726770874,0.94887639802629
75300,0.9488766261606778,1.1473079555772978,0.94887639802629
75400,0.9488766227327153,1.1473091291540376,0.94887639802629
75500,0.9488766193564908,1.147310293482506,0.94887639802629
75600,0.9488766160312196,1.1473114486372742,0.94887639802629
75700,0.9488766127561277,1.1473125946922997,0.94887639802629
75800,0.9488766095304547,1.1473137317209252,0.94887639802629
75900,0.9488766063534496,1.147314859795888,0.94887639802629
76000,0.9488766032243752,1.147315978989323,0.94887639802629
76100,0.9488766001425029,1.1473170893727667,0.94887639802629
76200,0.9488765971071177,1.147318191017167,0.94887639802629
76300,0.9488765941175146,1.147319283992882,0.94887639802629
76400,0.948876591172999,1.1473203683696902,0.94887639802629
76500,0.948876588272887,1.1473214442167903,0.94887639802629
76600,0.9488765854165062,1.1473225116028134,0.94887639802629
76700,0.9488765826031927,1.1473235705958196,0.94887639802629
76800,0.9488765798322936,1.1473246212633108,0.94887639802629
76900,0.9488765771031669,1.1473256636722275,0.94887639802629
77000,0.9488765744151789,1.147326697888962,0.94887639802629
77100,0.948876571767706,1.147327723979351,0.94887639802629
77200,0.9488765691601351,1.1473287420087004,0.94887639802629
77300,0.9488765665918606,1.1473297520417638,0.94887639802629
77400,0.9488765640622878,1.1473307541427689,0.94887639802629
77500,0.9488765615708306,1.147331748375413,0.94887639802629
77600,0.9488765591169108,1.1473327348028666,0.94887639802629
77700,0.9488765566999612,1.1473337134877781,0.94887639802629
77800,0.9488765543194213,1.1473346844922843,0.94887639802629
77900,0.9488765519747395,1.1473356478780075,0.94887639802629
78000,0.9488765496653734,1.1473366037060606,0.94887639802629
78100,0.9488765473907881,1.1473375520370583,0.94887639802629
78200,0.948876545150457,1.147338492931111,0.94887639802629
78300,0.9488765429438621,1.1473394264478396,0.94887639802629
78400,0.9488765407704929,1.147340352646369,0.94887639802629
78500,0.9488765386298459,1.1473412715853428,0.94887639802629
78600,0.9488765365214259,1.147342183322918,0.94887639802629
78700,0.9488765344447462,1.1473430879167767,0.94887639802629
78800,0.9488765323993266,1.147343985424127,0.94887639802629
78900,0.9488765303846938,1.1473448759017046,0.94887639802629
79000,0.9488765284003813,1.1473457594057803,0.94887639802629
79100,0.9488765264459318,1.1473466359921636,0.94887639802629
79200,0.9488765245208935,1.1473475057162037,0.94887639802629
79300,0.9488765226248214,1.147348368632798,0.94887639802629
79400,0.9488765207572775,1.147349224796391,0.94887639802629
79500,0.9488765189178308,1.147350074260981,0.94887639802629
79600,0.9488765171060561,1.1473509170801244,0.94887639802629
79700,0.9488765153215357,1.1473517533069384,0.94887639802629
79800,0.9488765135638576,1.1473525829941036,0.94887639802629
79900,0.9488765118326157,1.147353406193868,0.94887639802629
80000,0.9488765101274104,1.1473542229580538,0.94887639802629
80100,0.9488765084478494,1.1473550333380567,0.94887639802629
80200,0.948876506793544,1.1473558373848538,0.94887639802629
80300,0.9488765051641133,1.1473566351490017,0.94887639802629
80400,0.9488765035591811,1.1473574266806459,0.94887639802629
80500,0.9488765019783783,1.1473582120295174,0.94887639802629
80600,0.9488765004213394,1.1473589912449447,0.94887639802629
80700,0.9488764988877065,1.1473597643758502,0.94887639802629
80800,0.9488764973771245,1.1473605314707565,0.94887639802629
80900,0.9488764958892483,1.147361292577791,0.94887639802629
81000,0.948876494423732,1.1473620477446844,0.94887639802629
81100,0.94887649298024,1.1473627970187812,0.94887639802629
81200,0.9488764915584389,1.147363540447036,0.94887639802629
81300,0.9488764901580015,1.1473642780760225,0.94887639802629
81400,0.9488764887786053,1.1473650099519277,0.94887639802629
81500,0.9488764874199336,1.1473657361205707,0.94887639802629
81600,0.948876486081673,1.1473664566273905,0.94887639802629
81700,0.9488764847635147,1.1473671715174556,0.94887639802629
81800,0.9488764834651567,1.1473678808354677,0.94887639802629
81900,0.9488764821863,1.1473685846257664,0.94887639802629
82000,0.9488764809266506,1.1473692829323239,0.94887639802629
82100,0.948876479685918,1.1473699757987588,0.94887639802629
82200,0.9488764784638177,1.147370663268332,0.94887639802629
82300,0.9488764772600683,1.1473713453839527,0.94887639802629
82400,0.9488764760743932,1.14737202218818,0.94887639802629
82500,0.9488764749065194,1.1473726937232251,0.94887639802629
82600,0.9488764737561795,1.1473733600309575,0.94887639802629
82700,0.9488764726231076,1.1473740211529029,0.94887639802629
82800,0.9488764715070457,1.1473746771302538,0.94887639802629
82900,0.9488764704077353,1.1473753280038623,0.94887639802629
83000,0.9488764693249248,1.1473759738142513,0.94887639802629
83100,0.9488764682583658,1.1473766146016113,0.94887639802629
83200,0.948876467207813,1.1473772504058102,0.94887639802629
83300,0.9488764661730247,1.147377881266387,0.94887639802629
83400,0.9488764651537642,1.1473785072225642,0.94887639802629
83500,0.9488764641497971,1.147379128313237,0.94887639802629
83600,0.9488764631608936,1.147379744576996,0.94887639802629
83700,0.9488764621868264,1.1473803560521119,0.94887639802629
83800,0.9488764612273716,1.1473809627765428,0.94887639802629
83900,0.9488764602823097,1.1473815647879424,0.94887639802629
84000,0.9488764593514238,1.1473821621236544,0.94887639802629
84100,0.9488764584345003,1.147382754820727,0.94887639802629
84200,0.9488764575313285,1.1473833429159022,0.94887639802629
84300,0.9488764566417024,1.147383926445621,0.94887639802629
84400,0.948876455765417,1.1473845054460368,0.94887639802629
84500,0.9488764549022725,1.1473850799530032,0.94887639802629
84600,0.9488764540520701,1.1473856500020874,0.94887639802629
84700,0.948876453214616,1.1473862156285646,0.94887639802629
84800,0.9488764523897172,1.1473867768674273,0.94887639802629
84900,0.9488764515771855,1.1473873337533833,0.94887639802629
85000,0.9488764507768349,1.1473878863208602,0.94887639802629
85100,0.9488764499884818,1.1473884346040033,0.94887639802629
85200,0.9488764492119452,1.147388978636686,0.94887639802629
85300,0.9488764484470477,1.1473895184525054,0.94887639802629
85400,0.9488764476936151,1.147390054084786,0.94887639802629
85500,0.9488764469514731,1.1473905855665854,0.94887639802629
85600,0.9488764462204534,1.147391112930689,0.94887639802629
85700,0.9488764455003885,1.1473916362096224,0.94887639802629
85800,0.9488764447911128,1.1473921554356463,0.94887639802629
85900,0.9488764440924643,1.1473926706407582,0.94887639802629
86000,0.9488764434042839,1.1473931818567007,0.94887639802629
86100,0.9488764427264141,1.147393689114957,0.94887639802629
86200,0.9488764420586985,1.1473941924467588,0.94887639802629
86300,0.9488764414009858,1.1473946918830815,0.94887639802629
86400,0.9488764407531255,1.147395187454656,0.94887639802629
86500,0.9488764401149692,1.14739567919196,0.94887639802629
86600,0.9488764394863709,1.147396167125227,0.94887639802629
86700,0.9488764388671873,1.1473966512844496,0.94887639802629
86800,0.9488764382572766,1.1473971316993734,0.94887639802629
86900,0.9488764376564999,1.1473976083995063,0.94887639802629
87000,0.9488764370647186,1.1473980814141185,0.94887639802629
87100,0.9488764364817993,1.147398550772243,0.94887639802629
87200,0.9488764359076077,1.1473990165026837,0.94887639802629
87300,0.9488764353420133,1.147399478634005,0.94887639802629
87400,0.948876434784886,1.147399937194546,0.94887639802629
87500,0.9488764342361,1.147400392212416,0.94887639802629
87600,0.9488764336955289,1.147400843715498,0.94887639802629
87700,0.94887643316305,1.1474012917314527,0.94887639802629
87800,0.948876432638541,1.147401736287712,0.94887639802629
87900,0.9488764321218827,1.1474021774114966,0.94887639802629
88000,0.9488764316129573,1.147402615129799,0.94887639802629
88100,0.9488764311116484,1.1474030494694,0.94887639802629
88200,0.9488764306178419,1.1474034804568627,0.94887639802629
88300,0.9488764301314248,1.147403908118537,0.94887639802629
88400,0.9488764296522862,1.1474043324805625,0.94887639802629
88500,0.9488764291803176,1.147404753568867,0.94887639802629
88600,0.9488764287154098,1.1474051714091695,0.94887639802629
88700,0.9488764282574584,1.147405586026985,0.94887639802629
88800,0.9488764278063577,1.1474059974476216,0.94887639802629
88900,0.9488764273620061,1.147406405696184,0.94887639802629
89000,0.9488764269243012,1.1474068107975763,0.94887639802629
89100,0.9488764264931442,1.1474072127765007,0.94887639802629
89200,0.9488764260684363,1.1474076116574667,0.94887639802629
89300,0.9488764256500807,1.1474080074647786,0.94887639802629
89400,0.9488764252379822,1.1474084002225533,0.94887639802629
89500,0.9488764248320465,1.1474087899547103,0.94887639802629
89600,0.9488764244321826,1.147409176684978,0.94887639802629
89700,0.9488764240382977,1.1474095604368963,0.94887639802629
89800,0.9488764236503028,1.1474099412338137,0.94887639802629
89900,0.9488764232681097,1.147410319098895,0.94887639802629
90000,0.9488764228916312,1.1474106940551145,0.94887639802629
90100,0.9488764225207817,1.1474110661252666,0.94887639802629
90200,0.9488764221554764,1.147411435331964,0.94887639802629
90300,0.9488764217956327,1.1474118016976325,0.94887639802629
90400,0.9488764214411683,1.147412165244525,0.94887639802629
90500,0.948876421092003,1.1474125259947123,0.94887639802629
90600,0.9488764207480566,1.1474128839700921,0.94887639802629
90700,0.9488764204092516,1.1474132391923801,0.94887639802629
90800,0.9488764200755102,1.147413591683128,0.94887639802629
90900,0.9488764197467573,1.147413941463707,0.94887639802629
91000,0.9488764194229173,1.1474142885553207,0.94887639802629
91100,0.9488764191039172,1.147414632979005,0.94887639802629
91200,0.9488764187896847,1.1474149747556215,0.94887639802629
91300,0.9488764184801468,1.147415313905874,0.94887639802629
91400,0.948876418175235,1.1474156504502944,0.94887639802629
91500,0.9488764178748791,1.1474159844092502,0.94887639802629
91600,0.9488764175790112,1.1474163158029536,0.94887639802629
91700,0.9488764172875634,1.1474166446514469,0.94887639802629
91800,0.9488764170004694,1.1474169709746165,0.94887639802629
91900,0.9488764167176655,1.1474172947921897,0.94887639802629
92000,0.9488764164390853,1.1474176161237364,0.94887639802629
92100,0.948876416164667,1.1474179349886722,0.94887639802629
92200,0.9488764158943479,1.1474182514062519,0.94887639802629
92300,0.948876415628066,1.147418565395583,0.94887639802629
92400,0.9488764153657618,1.1474188769756193,0.94887639802629
92500,0.948876415107375,1.1474191861651608,0.94887639802629
92600,0.9488764148528478,1.1474194929828632,0.94887639802629
92700,0.9488764146021209,1.1474197974472258,0.94887639802629
92800,0.9488764143551387,1.1474200995766073,0.94887639802629
92900,0.9488764141118451,1.1474203993892178,0.94887639802629
93000,0.9488764138721837,1.1474206969031207,0.94887639802629
93100,0.9488764136361013,1.1474209921362382,0.94887639802629
93200,0.9488764134035435,1.1474212851063494,0.94887639802629
93300,0.9488764131744583,1.1474215758310897,0.94887639802629
93400,0.9488764129487933,1.1474218643279572,0.94887639802629
93500,0.9488764127264971,1.1474221506143103,0.94887639802629
93600,0.9488764125075195,1.1474224347073683,0.94887639802629
93700,0.948876412291811,1.1474227166242117,0.94887639802629
93800,0.9488764120793226,1.1474229963817903,0.94887639802629
93900,0.9488764118700058,1.1474232739969141,0.94887639802629
94000,0.9488764116638134,1.1474235494862635,0.94887639802629
94100,0.9488764114606986,1.147423822866385,0.94887639802629
94200,0.9488764112606151,1.1474240941536904,0.94887639802629
94300,0.9488764110635178,1.147424363364466,0.94887639802629
94400,0.9488764108693623,1.147424630514866,0.94887639802629
94500,0.9488764106781039,1.147424895620919,0.94887639802629
94600,0.9488764104896998,1.1474251586985247,0.94887639802629
94700,0.948876410304107,1.147425419763454,0.94887639802629
94800,0.9488764101212835,1.1474256788313568,0.94887639802629
94900,0.9488764099411882,1.147425935917758,0.94887639802629
95000,0.9488764097637795,1.1474261910380574,0.94887639802629
95100,0.9488764095890184,1.147426444207534,0.94887639802629
95200,0.9488764094168641,1.1474266954413483,0.94887639802629
95300,0.948876409247278,1.147426944754534,0.94887639802629
95400,0.9488764090802226,1.1474271921620127,0.94887639802629
95500,0.9488764089156586,1.1474274376785834,0.94887639802629
95600,0.9488764087535501,1.147427681318929,0.94887639802629
95700,0.948876408593859,1.1474279230976163,0.94887639802629
95800,0.9488764084365501,1.1474281630290983,0.94887639802629
95900,0.9488764082815874,1.1474284011277123,0.94887639802629
96000,0.9488764081289363,1.1474286374076805,0.94887639802629
96100,0.9488764079785613,1.147428871883113,0.94887639802629
96200,0.9488764078304291,1.147429104568012,0.94887639802629
96300,0.9488764076845064,1.1474293354762641,0.94887639802629
96400,0.9488764075407599,1.1474295646216497,0.94887639802629
96500,0.9488764073991567,1.1474297920178356,0.94887639802629
96600,0.9488764072596649,1.1474300176783887,0.94887639802629
96700,0.9488764071222532,1.147430241616759,0.94887639802629
96800,0.9488764069868901,1.1474304638462949,0.94887639802629
96900,0.9488764068535454,1.1474306843802435,0.94887639802629
97000,0.9488764067221895,1.1474309032317385,0.94887639802629
97100,0.9488764065927913,1.147431120413817,0.94887639802629
97200,0.9488764064653222,1.14743133593941,0.94887639802629
97300,0.9488764063397538,1.147431549821346,0.94887639802629
97400,0.948876406216057,1.1474317620723538,0.94887639802629
97500,0.948876406094204,1.1474319727050606,0.94887639802629
97600,0.9488764059741678,1.1474321817319924,0.94887639802629
97700,0.9488764058559207,1.147432389165584,0.94887639802629
97800,0.9488764057394357,1.14743259501816,0.94887639802629
97900,0.9488764056246873,1.1474327993019597,0.94887639802629
98000,0.9488764055116492,1.1474330020291168,0.94887639802629
98100,0.9488764054002956,1.147433203211675,0.94887639802629
98200,0.9488764052906012,1.147433402861579,0.94887639802629
98300,0.9488764051825423,1.147433600990684,0.94887639802629
98400,0.948876405076093,1.1474337976107472,0.94887639802629
98500,0.9488764049712305,1.1474339927334358,0.94887639802629
98600,0.9488764048679305,1.1474341863703246,0.94887639802629
98700,0.9488764047661697,1.1474343785328975,0.94887639802629
98800,0.9488764046659247,1.1474345692325478,0.94887639802629
98900,0.948876404567174,1.1474347584805777,0.94887639802629
99000,0.9488764044698944,1.1474349462882036,0.94887639802629
99100,0.9488764043740643,1.1474351326665497,0.94887639802629
99200,0.9488764042796615,1.1474353176266552,0.94887639802629
99300,0.9488764041866655,1.1474355011794724,0.94887639802629
99400,0.9488764040950545,1.1474356833358674,0.94887639802629
99500,0.9488764040048087,1.1474358641066187,0.94887639802629
99600,0.9488764039159068,1.1474360435024231,0.94887639802629
99700,0.9488764038283293,1.147436221533893,0.94887639802629
99800,0.9488764037420563,1.1474363982115552,0.94887639802629
99900,0.9488764036570683,1.1474365735458532,0.94887639802629
100000,0.9488764035733468,1.1474367475471543,0.94887639802629
